Workbook

Sheet README
A1: Data Availability Support Workbook
A3: Manuscript title | B3: Longitudinal Visible and Ultraviolet-Excited Imaging of Tomato Changes During Storage
A4: Authors | B4: Elvianto Dwi Hartono; Dimas Aditya Putra Wardhana; Santoso Santoso; Novky Asmoro
A5: Study design | B5: Single-specimen longitudinal repeated-measures study; 18 storage-day observations
A6: Primary analytical modalities | B6: RGB images and UV-excited images
A7: Included condition | B7: Untreated tomato condition used in the manuscript analysis
A8: Primary numerical data | B8: Complete 18-day RGB appearance descriptors and UV-excited texture descriptors
A9: Contextual metadata | B9: Temperature, relative humidity, eCO₂, and TVOC series used as storage context
A10: Excluded from workbook | B10: Thermal-image data and coating-treatment data
A11: Biological replication | B11: One fruit; the 18 rows are repeated observations, not independent biological replicates
A12: Area interpretation | B12: Segmented area is a two-dimensional image-space pixel count, not calibrated physical surface area
A13: UV entropy definition | B13: Grayscale entropy is image entropy calculated separately from the GLCM descriptors
A14: GLCM configuration | B14: 8 gray levels; GrayLimits [0,255]; offset [0,1]; direction 0°; Symmetric=false; no directional averaging
... A16: Recommended Data Availability statement | B16: The data supporting the findings of this study, including the RGB and UV-excited image sequences, derived image descriptors, and contextual environmental measurements, are available from the corresponding author upon reasonable request.
A18: Data integrity note: values were transcribed from the source report/manuscript and the author-provided environmental series. Before public repository deposition, perform a final cross-check against original MATLAB outputs and raw image files.

Sheet Data_Dictionary
A1: Data Dictionary
A3: Sheet | B3: Variable | C3: Unit / Scale | D3: Definition | E3: Role | F3: Caution
A4: RGB_Descriptors | B4: Day | C4: day index | D4: Storage-day observation index (1–18) | E4: Temporal index | F4: Repeated observations from one fruit
A5: RGB_Descriptors | B5: MeanR | C5: 0–255 intensity | D5: Mean red-channel intensity within segmented tomato region | E5: RGB descriptor | F5: Image-derived
A6: RGB_Descriptors | B6: MeanG | C6: 0–255 intensity | D6: Mean green-channel intensity within segmented tomato region | E6: RGB descriptor | F6: Image-derived
A7: RGB_Descriptors | B7: MeanB | C7: 0–255 intensity | D7: Mean blue-channel intensity within segmented tomato region | E7: RGB descriptor | F7: Image-derived
A8: RGB_Descriptors | B8: Colorfulness | C8: dimensionless | D8: Colorfulness descriptor from source analysis | E8: RGB descriptor | F8: Implementation should match source MATLAB processing
A9: RGB_Descriptors | B9: SegmentedArea_px | C9: pixels | D9: Number of pixels assigned to fruit mask | E9: RGB descriptor | F9: Not calibrated physical area
A10: RGB_Descriptors | B10: RGB_Entropy | C10: source implementation | D10: RGB image entropy descriptor | E10: RGB descriptor | F10: Distinct from UV grayscale entropy
A11: RGB_Descriptors | B11: Smoothness | C11: dimensionless | D11: Smoothness descriptor from source RGB analysis | E11: RGB descriptor | F11: Near-constant in this dataset
A12: RGB_Descriptors | B12: RGB_Contrast | C12: source implementation | D12: Image-level contrast descriptor from source RGB analysis | E12: RGB descriptor | F12: Not UV GLCM contrast
A13: UV_Texture | B13: GLCM_Contrast | C13: dimensionless | D13: GLCM contrast | E13: UV descriptor | F13: 8 levels; 0°; offset [0,1]
A14: UV_Texture | B14: GLCM_Correlation | C14: dimensionless | D14: GLCM correlation | E14: UV descriptor | F14: Descriptive only
... A21: Environment_Context | B21: TVOC_ppb | C21: ppb | D21: SGP30 total volatile organic compound output | E21: Context only | F21: Sensor output used as metadata

Sheet RGB_Descriptors
A1: Complete 18-day RGB-derived appearance descriptors
A3: Day | B3: MeanR | C3: MeanG | D3: MeanB | E3: Colorfulness | F3: SegmentedArea_px | G3: RGB_Entropy | H3: Smoothness | I3: RGB_Contrast
A4: 1 | B4: 197.84 | C4: 97.68 | D4: 31.59 | E4: 93.16 | F4: 155385 | G4: 5.32 | H4: 0.9994 | I4: 41.05
A5: 2 | B5: 204.35 | C5: 99.66 | D5: 35.64 | E5: 95.5 | F5: 162367 | G5: 5.5 | H5: 0.9994 | I5: 41.22
A6: 3 | B6: 198.69 | C6: 86.61 | D6: 32.97 | E6: 95.83 | F6: 158931 | G6: 5.38 | H6: 0.9994 | I6: 40.3
A7: 4 | B7: 205.86 | C7: 88.3 | D7: 38.29 | E7: 97.55 | F7: 159641 | G7: 5.38 | H7: 0.9994 | I7: 41.24
A8: 5 | B8: 173.14 | C8: 62.12 | D8: 24.2 | E8: 90.8 | F8: 179179 | G8: 5.8 | H8: 0.9994 | I8: 40.19
A9: 6 | B9: 208.19 | C9: 86.45 | D9: 34.33 | E9: 97.92 | F9: 147572 | G9: 5.01 | H9: 0.9993 | I9: 37.29
A10: 7 | B10: 205.43 | C10: 87.44 | D10: 37.8 | E10: 93.25 | F10: 173614 | G10: 5.6 | H10: 0.9992 | I10: 35.35
A11: 8 | B11: 191.33 | C11: 84.86 | D11: 40.83 | E11: 90.44 | F11: 166397 | G11: 5.57 | H11: 0.9994 | I11: 41.43
A12: 9 | B12: 197.9 | C12: 92.65 | D12: 44.24 | E12: 90.07 | F12: 170608 | G12: 5.64 | H12: 0.9994 | I12: 39.27
A13: 10 | B13: 183.75 | C13: 87.04 | D13: 41.5 | E13: 86.64 | F13: 178792 | G13: 5.8 | H13: 0.9993 | I13: 37.69
A14: 11 | B14: 166.03 | C14: 79.59 | D14: 41.84 | E14: 80.35 | F14: 169597 | G14: 5.6 | H14: 0.9994 | I14: 39.6
A15: 12 | B15: 152.41 | C15: 76.32 | D15: 41.48 | E15: 78.02 | F15: 105158 | G15: 3.89 | H15: 0.9994 | I15: 41.1
... A21: 18 | B21: 121.43 | C21: 79.92 | D21: 59.24 | E21: 51.8 | F21: 97161 | G21: 3.67 | H21: 0.9996 | I21: 49.75

Sheet UV_Texture
A1: Complete 18-day UV-excited texture descriptors
A3: Day | B3: GLCM_Contrast | C3: GLCM_Correlation | D3: GLCM_Energy | E3: GLCM_Homogeneity | F3: GrayscaleEntropy
A4: 1 | B4: 0.033382819 | C4: 0.96699525 | D4: 0.55584125 | E4: 0.98402873 | F4: 3.3562846
A5: 2 | B5: 0.029862192 | C5: 0.96317518 | D5: 0.58205133 | E5: 0.98511504 | F5: 3.2199915
A6: 3 | B6: 0.011146855 | C6: 0.97693542 | D6: 0.81946059 | E6: 0.99442657 | F6: 2.6434086
A7: 4 | B7: 0.00693243 | C7: 0.98080455 | D7: 0.84050511 | E7: 0.99653379 | F7: 2.556862
A8: 5 | B8: 0.016497561 | C8: 0.92030461 | D8: 0.85500156 | E8: 0.99210959 | F8: 2.5198756
A9: 6 | B9: 0.026019755 | C9: 0.88007376 | D9: 0.83115526 | E9: 0.98736042 | F9: 2.5989117
A10: 7 | B10: 0.041847306 | C10: 0.8923448 | D10: 0.77747499 | E10: 0.97963883 | F10: 2.807816
A11: 8 | B11: 0.043167021 | C11: 0.85596886 | D11: 0.77904463 | E11: 0.97886724 | F11: 2.7760452
A12: 9 | B12: 0.061615034 | C12: 0.82235117 | D12: 0.74795449 | E12: 0.97068021 | F12: 2.8902508
A13: 10 | B13: 0.04260654 | C13: 0.80322025 | D13: 0.80038658 | E13: 0.97889145 | F13: 2.6952376
A14: 11 | B14: 0.069420896 | C14: 0.87403239 | D14: 0.58647125 | E14: 0.96566357 | F14: 3.2715584
A15: 12 | B15: 0.12312661 | C15: 0.87036992 | D15: 0.41341229 | E15: 0.94247047 | F15: 3.8388792
... A21: 18 | B21: 0.035044664 | C21: 0.90641756 | D21: 0.7702836 | E21: 0.98263656 | F21: 2.7978601

Sheet Environment_Context
A1: Contextual environmental measurements used in the manuscript
A3: Day | B3: Temperature_C | C3: RelativeHumidity_pct | D3: eCO2_ppm | E3: TVOC_ppb | G3: Statistic | H3: Temperature_C | I3: RelativeHumidity_pct | J3: eCO2_ppm | K3: TVOC_ppb
A4: 1 | B4: 37.4 | C4: 78.25 | D4: 453 | E4: 118.5 | G4: Mean | H4: =AVERAGE(B4:B21) -> 33.863889 | I4: =AVERAGE(C4:C21) -> 97.272222 | J4: =AVERAGE(D4:D21) -> 683.77778 | K4: =AVERAGE(E4:E21) -> 215.11111
A5: 2 | B5: 33.05 | C5: 96.6 | D5: 409.5 | E5: 154.5 | G5: Minimum | H5: =MIN(B4:B21) -> 31.7 | I5: =MIN(C4:C21) -> 78.25 | J5: =MIN(D4:D21) -> 400 | K5: =MIN(E4:E21) -> 1.5
A6: 3 | B6: 33.65 | C6: 94.3 | D6: 443 | E6: 101.5 | G6: Maximum | H6: =MAX(B4:B21) -> 37.4 | I6: =MAX(C4:C21) -> 100 | J6: =MAX(D4:D21) -> 1605 | K6: =MAX(E4:E21) -> 1028.5
A7: 4 | B7: 31.7 | C7: 100 | D7: 457.5 | E7: 140 | G7: Use in analysis | H7: Context only | I7: Context only | J7: Context only | K7: Context only
A8: 5 | B8: 32.85 | C8: 98.15 | D8: 527.5 | E8: 226.5
A9: 6 | B9: 34.6 | C9: 93.15 | D9: 449 | E9: 26
A10: 7 | B10: 33.85 | C10: 99.1 | D10: 517 | E10: 229.5
A11: 8 | B11: 33.05 | C11: 99.15 | D11: 400 | E11: 1.5
A12: 9 | B12: 34.4 | C12: 97.4 | D12: 599 | E12: 368
A13: 10 | B13: 33.5 | C13: 100 | D13: 657.5 | E13: 9
A14: 11 | B14: 33.2 | C14: 97.9 | D14: 1439 | E14: 1028.5
A15: 12 | B15: 33.4 | C15: 100 | D15: 1605 | E15: 743
A16: 13 | B16: 34.3 | C16: 96.9 | D16: 1050.5 | E16: 483
A17: 14 | B17: 34.25 | C17: 100 | D17: 735.5 | E17: 121
A18: 15 | B18: 34.05 | C18: 100 | D18: 940.5 | E18: 61.5
A19: 16 | B19: 34.5 | C19: 100 | D19: 459 | E19: 4.5
... A21: 18 | B21: 33.8 | C21: 100 | D21: 662 | E21: 20

Sheet Normalized_RGB
A1: RGB normalized trajectories (Xt / X1)
A3: Day | B3: MeanR | C3: MeanG | D3: MeanB | E3: Colorfulness | F3: SegmentedArea_px | G3: RGB_Entropy | H3: Smoothness | I3: RGB_Contrast
A4: =RGB_Descriptors!A4 -> 1 | B4: =RGB_Descriptors!B4/RGB_Descriptors!B$4 -> 1 | C4: =RGB_Descriptors!C4/RGB_Descriptors!C$4 -> 1 | D4: =RGB_Descriptors!D4/RGB_Descriptors!D$4 -> 1 | E4: =RGB_Descriptors!E4/RGB_Descriptors!E$4 -> 1 | F4: =RGB_Descriptors!F4/RGB_Descriptors!F$4 -> 1 | G4: =RGB_Descriptors!G4/RGB_Descriptors!G$4 -> 1 | H4: =RGB_Descriptors!H4/RGB_Descriptors!H$4 -> 1 | I4: =RGB_Descriptors!I4/RGB_Descriptors!I$4 -> 1
A5: =RGB_Descriptors!A5 -> 2 | B5: =RGB_Descriptors!B5/RGB_Descriptors!B$4 -> 1.0329054 | C5: =RGB_Descriptors!C5/RGB_Descriptors!C$4 -> 1.0202703 | D5: =RGB_Descriptors!D5/RGB_Descriptors!D$4 -> 1.1282051 | E5: =RGB_Descriptors!E5/RGB_Descriptors!E$4 -> 1.0251181 | F5: =RGB_Descriptors!F5/RGB_Descriptors!F$4 -> 1.0449336 | G5: =RGB_Descriptors!G5/RGB_Descriptors!G$4 -> 1.0338346 | H5: =RGB_Descriptors!H5/RGB_Descriptors!H$4 -> 1 | I5: =RGB_Descriptors!I5/RGB_Descriptors!I$4 -> 1.0041413
A6: =RGB_Descriptors!A6 -> 3 | B6: =RGB_Descriptors!B6/RGB_Descriptors!B$4 -> 1.0042964 | C6: =RGB_Descriptors!C6/RGB_Descriptors!C$4 -> 0.88667076 | D6: =RGB_Descriptors!D6/RGB_Descriptors!D$4 -> 1.0436847 | E6: =RGB_Descriptors!E6/RGB_Descriptors!E$4 -> 1.0286604 | F6: =RGB_Descriptors!F6/RGB_Descriptors!F$4 -> 1.0228207 | G6: =RGB_Descriptors!G6/RGB_Descriptors!G$4 -> 1.0112782 | H6: =RGB_Descriptors!H6/RGB_Descriptors!H$4 -> 1 | I6: =RGB_Descriptors!I6/RGB_Descriptors!I$4 -> 0.9817296
A7: =RGB_Descriptors!A7 -> 4 | B7: =RGB_Descriptors!B7/RGB_Descriptors!B$4 -> 1.0405378 | C7: =RGB_Descriptors!C7/RGB_Descriptors!C$4 -> 0.90397215 | D7: =RGB_Descriptors!D7/RGB_Descriptors!D$4 -> 1.2120924 | E7: =RGB_Descriptors!E7/RGB_Descriptors!E$4 -> 1.0471232 | F7: =RGB_Descriptors!F7/RGB_Descriptors!F$4 -> 1.02739 | G7: =RGB_Descriptors!G7/RGB_Descriptors!G$4 -> 1.0112782 | H7: =RGB_Descriptors!H7/RGB_Descriptors!H$4 -> 1 | I7: =RGB_Descriptors!I7/RGB_Descriptors!I$4 -> 1.0046285
A8: =RGB_Descriptors!A8 -> 5 | B8: =RGB_Descriptors!B8/RGB_Descriptors!B$4 -> 0.87515164 | C8: =RGB_Descriptors!C8/RGB_Descriptors!C$4 -> 0.63595414 | D8: =RGB_Descriptors!D8/RGB_Descriptors!D$4 -> 0.76606521 | E8: =RGB_Descriptors!E8/RGB_Descriptors!E$4 -> 0.97466724 | F8: =RGB_Descriptors!F8/RGB_Descriptors!F$4 -> 1.1531293 | G8: =RGB_Descriptors!G8/RGB_Descriptors!G$4 -> 1.0902256 | H8: =RGB_Descriptors!H8/RGB_Descriptors!H$4 -> 1 | I8: =RGB_Descriptors!I8/RGB_Descriptors!I$4 -> 0.97904994
A9: =RGB_Descriptors!A9 -> 6 | B9: =RGB_Descriptors!B9/RGB_Descriptors!B$4 -> 1.052315 | C9: =RGB_Descriptors!C9/RGB_Descriptors!C$4 -> 0.88503276 | D9: =RGB_Descriptors!D9/RGB_Descriptors!D$4 -> 1.0867363 | E9: =RGB_Descriptors!E9/RGB_Descriptors!E$4 -> 1.0510949 | F9: =RGB_Descriptors!F9/RGB_Descriptors!F$4 -> 0.94971844 | G9: =RGB_Descriptors!G9/RGB_Descriptors!G$4 -> 0.94172932 | H9: =RGB_Descriptors!H9/RGB_Descriptors!H$4 -> 0.99989994 | I9: =RGB_Descriptors!I9/RGB_Descriptors!I$4 -> 0.90840438
A10: =RGB_Descriptors!A10 -> 7 | B10: =RGB_Descriptors!B10/RGB_Descriptors!B$4 -> 1.0383643 | C10: =RGB_Descriptors!C10/RGB_Descriptors!C$4 -> 0.8951679 | D10: =RGB_Descriptors!D10/RGB_Descriptors!D$4 -> 1.1965812 | E10: =RGB_Descriptors!E10/RGB_Descriptors!E$4 -> 1.0009661 | F10: =RGB_Descriptors!F10/RGB_Descriptors!F$4 -> 1.1173151 | G10: =RGB_Descriptors!G10/RGB_Descriptors!G$4 -> 1.0526316 | H10: =RGB_Descriptors!H10/RGB_Descriptors!H$4 -> 0.99979988 | I10: =RGB_Descriptors!I10/RGB_Descriptors!I$4 -> 0.86114495
A11: =RGB_Descriptors!A11 -> 8 | B11: =RGB_Descriptors!B11/RGB_Descriptors!B$4 -> 0.96709462 | C11: =RGB_Descriptors!C11/RGB_Descriptors!C$4 -> 0.86875512 | D11: =RGB_Descriptors!D11/RGB_Descriptors!D$4 -> 1.2924976 | E11: =RGB_Descriptors!E11/RGB_Descriptors!E$4 -> 0.97080292 | F11: =RGB_Descriptors!F11/RGB_Descriptors!F$4 -> 1.0708691 | G11: =RGB_Descriptors!G11/RGB_Descriptors!G$4 -> 1.0469925 | H11: =RGB_Descriptors!H11/RGB_Descriptors!H$4 -> 1 | I11: =RGB_Descriptors!I11/RGB_Descriptors!I$4 -> 1.009257
A12: =RGB_Descriptors!A12 -> 9 | B12: =RGB_Descriptors!B12/RGB_Descriptors!B$4 -> 1.0003033 | C12: =RGB_Descriptors!C12/RGB_Descriptors!C$4 -> 0.94850532 | D12: =RGB_Descriptors!D12/RGB_Descriptors!D$4 -> 1.4004432 | E12: =RGB_Descriptors!E12/RGB_Descriptors!E$4 -> 0.96683126 | F12: =RGB_Descriptors!F12/RGB_Descriptors!F$4 -> 1.0979696 | G12: =RGB_Descriptors!G12/RGB_Descriptors!G$4 -> 1.0601504 | H12: =RGB_Descriptors!H12/RGB_Descriptors!H$4 -> 1 | I12: =RGB_Descriptors!I12/RGB_Descriptors!I$4 -> 0.95663825
A13: =RGB_Descriptors!A13 -> 10 | B13: =RGB_Descriptors!B13/RGB_Descriptors!B$4 -> 0.92878083 | C13: =RGB_Descriptors!C13/RGB_Descriptors!C$4 -> 0.89107289 | D13: =RGB_Descriptors!D13/RGB_Descriptors!D$4 -> 1.3137069 | E13: =RGB_Descriptors!E13/RGB_Descriptors!E$4 -> 0.93001288 | F13: =RGB_Descriptors!F13/RGB_Descriptors!F$4 -> 1.1506387 | G13: =RGB_Descriptors!G13/RGB_Descriptors!G$4 -> 1.0902256 | H13: =RGB_Descriptors!H13/RGB_Descriptors!H$4 -> 0.99989994 | I13: =RGB_Descriptors!I13/RGB_Descriptors!I$4 -> 0.9181486
A14: =RGB_Descriptors!A14 -> 11 | B14: =RGB_Descriptors!B14/RGB_Descriptors!B$4 -> 0.83921351 | C14: =RGB_Descriptors!C14/RGB_Descriptors!C$4 -> 0.81480344 | D14: =RGB_Descriptors!D14/RGB_Descriptors!D$4 -> 1.3244698 | E14: =RGB_Descriptors!E14/RGB_Descriptors!E$4 -> 0.86249463 | F14: =RGB_Descriptors!F14/RGB_Descriptors!F$4 -> 1.0914631 | G14: =RGB_Descriptors!G14/RGB_Descriptors!G$4 -> 1.0526316 | H14: =RGB_Descriptors!H14/RGB_Descriptors!H$4 -> 1 | I14: =RGB_Descriptors!I14/RGB_Descriptors!I$4 -> 0.96467722
A15: =RGB_Descriptors!A15 -> 12 | B15: =RGB_Descriptors!B15/RGB_Descriptors!B$4 -> 0.77037 | C15: =RGB_Descriptors!C15/RGB_Descriptors!C$4 -> 0.78132678 | D15: =RGB_Descriptors!D15/RGB_Descriptors!D$4 -> 1.3130738 | E15: =RGB_Descriptors!E15/RGB_Descriptors!E$4 -> 0.8374839 | F15: =RGB_Descriptors!F15/RGB_Descriptors!F$4 -> 0.67675773 | G15: =RGB_Descriptors!G15/RGB_Descriptors!G$4 -> 0.73120301 | H15: =RGB_Descriptors!H15/RGB_Descriptors!H$4 -> 1 | I15: =RGB_Descriptors!I15/RGB_Descriptors!I$4 -> 1.001218
... A21: =RGB_Descriptors!A21 -> 18 | B21: =RGB_Descriptors!B21/RGB_Descriptors!B$4 -> 0.61377881 | C21: =RGB_Descriptors!C21/RGB_Descriptors!C$4 -> 0.81818182 | D21: =RGB_Descriptors!D21/RGB_Descriptors!D$4 -> 1.875277 | E21: =RGB_Descriptors!E21/RGB_Descriptors!E$4 -> 0.55603263 | F21: =RGB_Descriptors!F21/RGB_Descriptors!F$4 -> 0.62529202 | G21: =RGB_Descriptors!G21/RGB_Descriptors!G$4 -> 0.68984962 | H21: =RGB_Descriptors!H21/RGB_Descriptors!H$4 -> 1.0002001 | I21: =RGB_Descriptors!I21/RGB_Descriptors!I$4 -> 1.2119367

Sheet Normalized_UV
A1: UV-excited normalized trajectories (Xt / X1)
A3: Day | B3: GLCM_Contrast | C3: GLCM_Correlation | D3: GLCM_Energy | E3: GLCM_Homogeneity | F3: GrayscaleEntropy
A4: =UV_Texture!A4 -> 1 | B4: =UV_Texture!B4/UV_Texture!B$4 -> 1 | C4: =UV_Texture!C4/UV_Texture!C$4 -> 1 | D4: =UV_Texture!D4/UV_Texture!D$4 -> 1 | E4: =UV_Texture!E4/UV_Texture!E$4 -> 1 | F4: =UV_Texture!F4/UV_Texture!F$4 -> 1
A5: =UV_Texture!A5 -> 2 | B5: =UV_Texture!B5/UV_Texture!B$4 -> 0.89453776 | C5: =UV_Texture!C5/UV_Texture!C$4 -> 0.99604954 | D5: =UV_Texture!D5/UV_Texture!D$4 -> 1.0471539 | E5: =UV_Texture!E5/UV_Texture!E$4 -> 1.0011039 | F5: =UV_Texture!F5/UV_Texture!F$4 -> 0.95939168
A6: =UV_Texture!A6 -> 3 | B6: =UV_Texture!B6/UV_Texture!B$4 -> 0.33390994 | C6: =UV_Texture!C6/UV_Texture!C$4 -> 1.0102794 | D6: =UV_Texture!D6/UV_Texture!D$4 -> 1.4742709 | E6: =UV_Texture!E6/UV_Texture!E$4 -> 1.0105666 | F6: =UV_Texture!F6/UV_Texture!F$4 -> 0.78759966
A7: =UV_Texture!A7 -> 4 | B7: =UV_Texture!B7/UV_Texture!B$4 -> 0.20766461 | C7: =UV_Texture!C7/UV_Texture!C$4 -> 1.0142806 | D7: =UV_Texture!D7/UV_Texture!D$4 -> 1.5121316 | E7: =UV_Texture!E7/UV_Texture!E$4 -> 1.012708 | F7: =UV_Texture!F7/UV_Texture!F$4 -> 0.76181323
A8: =UV_Texture!A8 -> 5 | B8: =UV_Texture!B8/UV_Texture!B$4 -> 0.49419317 | C8: =UV_Texture!C8/UV_Texture!C$4 -> 0.95171574 | D8: =UV_Texture!D8/UV_Texture!D$4 -> 1.5382118 | E8: =UV_Texture!E8/UV_Texture!E$4 -> 1.008212 | F8: =UV_Texture!F8/UV_Texture!F$4 -> 0.75079321
A9: =UV_Texture!A9 -> 6 | B9: =UV_Texture!B9/UV_Texture!B$4 -> 0.77943552 | C9: =UV_Texture!C9/UV_Texture!C$4 -> 0.91011176 | D9: =UV_Texture!D9/UV_Texture!D$4 -> 1.4953105 | E9: =UV_Texture!E9/UV_Texture!E$4 -> 1.0033858 | F9: =UV_Texture!F9/UV_Texture!F$4 -> 0.77434187
A10: =UV_Texture!A10 -> 7 | B10: =UV_Texture!B10/UV_Texture!B$4 -> 1.2535582 | C10: =UV_Texture!C10/UV_Texture!C$4 -> 0.92280164 | D10: =UV_Texture!D10/UV_Texture!D$4 -> 1.3987357 | E10: =UV_Texture!E10/UV_Texture!E$4 -> 0.99553885 | F10: =UV_Texture!F10/UV_Texture!F$4 -> 0.83658461
A11: =UV_Texture!A11 -> 8 | B11: =UV_Texture!B11/UV_Texture!B$4 -> 1.2930909 | C11: =UV_Texture!C11/UV_Texture!C$4 -> 0.88518414 | D11: =UV_Texture!D11/UV_Texture!D$4 -> 1.4015596 | E11: =UV_Texture!E11/UV_Texture!E$4 -> 0.99475474 | F11: =UV_Texture!F11/UV_Texture!F$4 -> 0.82711855
A12: =UV_Texture!A12 -> 9 | B12: =UV_Texture!B12/UV_Texture!B$4 -> 1.8457109 | C12: =UV_Texture!C12/UV_Texture!C$4 -> 0.85041903 | D12: =UV_Texture!D12/UV_Texture!D$4 -> 1.3456261 | E12: =UV_Texture!E12/UV_Texture!E$4 -> 0.98643483 | F12: =UV_Texture!F12/UV_Texture!F$4 -> 0.86114593
A13: =UV_Texture!A13 -> 10 | B13: =UV_Texture!B13/UV_Texture!B$4 -> 1.2763014 | C13: =UV_Texture!C13/UV_Texture!C$4 -> 0.83063515 | D13: =UV_Texture!D13/UV_Texture!D$4 -> 1.4399554 | E13: =UV_Texture!E13/UV_Texture!E$4 -> 0.99477934 | F13: =UV_Texture!F13/UV_Texture!F$4 -> 0.80304204
A14: =UV_Texture!A14 -> 11 | B14: =UV_Texture!B14/UV_Texture!B$4 -> 2.0795397 | C14: =UV_Texture!C14/UV_Texture!C$4 -> 0.9038642 | D14: =UV_Texture!D14/UV_Texture!D$4 -> 1.0551057 | E14: =UV_Texture!E14/UV_Texture!E$4 -> 0.98133677 | F14: =UV_Texture!F14/UV_Texture!F$4 -> 0.97475596
A15: =UV_Texture!A15 -> 12 | B15: =UV_Texture!B15/UV_Texture!B$4 -> 3.6883226 | C15: =UV_Texture!C15/UV_Texture!C$4 -> 0.90007673 | D15: =UV_Texture!D15/UV_Texture!D$4 -> 0.74375965 | E15: =UV_Texture!E15/UV_Texture!E$4 -> 0.95776724 | F15: =UV_Texture!F15/UV_Texture!F$4 -> 1.1437884
... A21: =UV_Texture!A21 -> 18 | B21: =UV_Texture!B21/UV_Texture!B$4 -> 1.0497814 | C21: =UV_Texture!C21/UV_Texture!C$4 -> 0.93735472 | D21: =UV_Texture!D21/UV_Texture!D$4 -> 1.3857978 | E21: =UV_Texture!E21/UV_Texture!E$4 -> 0.99858524 | F21: =UV_Texture!F21/UV_Texture!F$4 -> 0.83361827

Sheet Spearman_Ranks
A1: Rank-transformed variables for descriptive Spearman calculations
A3: DayRank | B3: MeanR | C3: MeanG | D3: MeanB | E3: Colorfulness | F3: Area | G3: RGB_Entropy | H3: Smoothness | I3: RGB_Contrast | J3: UV_Contrast | K3: UV_Correlation | L3: UV_Energy | M3: UV_Homogeneity | N3: UV_GrayscaleEntropy | O3: Day
A4: 1 | B4: =_xludf.RANK.AVG(RGB_Descriptors!B4,RGB_Descriptors!$B$4:$B$21,1) -> #NAME? | C4: =_xludf.RANK.AVG(RGB_Descriptors!C4,RGB_Descriptors!$C$4:$C$21,1) -> #NAME? | D4: =_xludf.RANK.AVG(RGB_Descriptors!D4,RGB_Descriptors!$D$4:$D$21,1) -> #NAME? | E4: =_xludf.RANK.AVG(RGB_Descriptors!E4,RGB_Descriptors!$E$4:$E$21,1) -> #NAME? | F4: =_xludf.RANK.AVG(RGB_Descriptors!F4,RGB_Descriptors!$F$4:$F$21,1) -> #NAME? | G4: =_xludf.RANK.AVG(RGB_Descriptors!G4,RGB_Descriptors!$G$4:$G$21,1) -> #NAME? | H4: =_xludf.RANK.AVG(RGB_Descriptors!H4,RGB_Descriptors!$H$4:$H$21,1) -> #NAME? | I4: =_xludf.RANK.AVG(RGB_Descriptors!I4,RGB_Descriptors!$I$4:$I$21,1) -> #NAME? | J4: =_xludf.RANK.AVG(UV_Texture!B4,UV_Texture!$B$4:$B$21,1) -> #NAME? | K4: =_xludf.RANK.AVG(UV_Texture!C4,UV_Texture!$C$4:$C$21,1) -> #NAME? | L4: =_xludf.RANK.AVG(UV_Texture!D4,UV_Texture!$D$4:$D$21,1) -> #NAME? | M4: =_xludf.RANK.AVG(UV_Texture!E4,UV_Texture!$E$4:$E$21,1) -> #NAME? | N4: =_xludf.RANK.AVG(UV_Texture!F4,UV_Texture!$F$4:$F$21,1) -> #NAME? | O4: 1
A5: 2 | B5: =_xludf.RANK.AVG(RGB_Descriptors!B5,RGB_Descriptors!$B$4:$B$21,1) -> #NAME? | C5: =_xludf.RANK.AVG(RGB_Descriptors!C5,RGB_Descriptors!$C$4:$C$21,1) -> #NAME? | D5: =_xludf.RANK.AVG(RGB_Descriptors!D5,RGB_Descriptors!$D$4:$D$21,1) -> #NAME? | E5: =_xludf.RANK.AVG(RGB_Descriptors!E5,RGB_Descriptors!$E$4:$E$21,1) -> #NAME? | F5: =_xludf.RANK.AVG(RGB_Descriptors!F5,RGB_Descriptors!$F$4:$F$21,1) -> #NAME? | G5: =_xludf.RANK.AVG(RGB_Descriptors!G5,RGB_Descriptors!$G$4:$G$21,1) -> #NAME? | H5: =_xludf.RANK.AVG(RGB_Descriptors!H5,RGB_Descriptors!$H$4:$H$21,1) -> #NAME? | I5: =_xludf.RANK.AVG(RGB_Descriptors!I5,RGB_Descriptors!$I$4:$I$21,1) -> #NAME? | J5: =_xludf.RANK.AVG(UV_Texture!B5,UV_Texture!$B$4:$B$21,1) -> #NAME? | K5: =_xludf.RANK.AVG(UV_Texture!C5,UV_Texture!$C$4:$C$21,1) -> #NAME? | L5: =_xludf.RANK.AVG(UV_Texture!D5,UV_Texture!$D$4:$D$21,1) -> #NAME? | M5: =_xludf.RANK.AVG(UV_Texture!E5,UV_Texture!$E$4:$E$21,1) -> #NAME? | N5: =_xludf.RANK.AVG(UV_Texture!F5,UV_Texture!$F$4:$F$21,1) -> #NAME? | O5: 2
A6: 3 | B6: =_xludf.RANK.AVG(RGB_Descriptors!B6,RGB_Descriptors!$B$4:$B$21,1) -> #NAME? | C6: =_xludf.RANK.AVG(RGB_Descriptors!C6,RGB_Descriptors!$C$4:$C$21,1) -> #NAME? | D6: =_xludf.RANK.AVG(RGB_Descriptors!D6,RGB_Descriptors!$D$4:$D$21,1) -> #NAME? | E6: =_xludf.RANK.AVG(RGB_Descriptors!E6,RGB_Descriptors!$E$4:$E$21,1) -> #NAME? | F6: =_xludf.RANK.AVG(RGB_Descriptors!F6,RGB_Descriptors!$F$4:$F$21,1) -> #NAME? | G6: =_xludf.RANK.AVG(RGB_Descriptors!G6,RGB_Descriptors!$G$4:$G$21,1) -> #NAME? | H6: =_xludf.RANK.AVG(RGB_Descriptors!H6,RGB_Descriptors!$H$4:$H$21,1) -> #NAME? | I6: =_xludf.RANK.AVG(RGB_Descriptors!I6,RGB_Descriptors!$I$4:$I$21,1) -> #NAME? | J6: =_xludf.RANK.AVG(UV_Texture!B6,UV_Texture!$B$4:$B$21,1) -> #NAME? | K6: =_xludf.RANK.AVG(UV_Texture!C6,UV_Texture!$C$4:$C$21,1) -> #NAME? | L6: =_xludf.RANK.AVG(UV_Texture!D6,UV_Texture!$D$4:$D$21,1) -> #NAME? | M6: =_xludf.RANK.AVG(UV_Texture!E6,UV_Texture!$E$4:$E$21,1) -> #NAME? | N6: =_xludf.RANK.AVG(UV_Texture!F6,UV_Texture!$F$4:$F$21,1) -> #NAME? | O6: 3
A7: 4 | B7: =_xludf.RANK.AVG(RGB_Descriptors!B7,RGB_Descriptors!$B$4:$B$21,1) -> #NAME? | C7: =_xludf.RANK.AVG(RGB_Descriptors!C7,RGB_Descriptors!$C$4:$C$21,1) -> #NAME? | D7: =_xludf.RANK.AVG(RGB_Descriptors!D7,RGB_Descriptors!$D$4:$D$21,1) -> #NAME? | E7: =_xludf.RANK.AVG(RGB_Descriptors!E7,RGB_Descriptors!$E$4:$E$21,1) -> #NAME? | F7: =_xludf.RANK.AVG(RGB_Descriptors!F7,RGB_Descriptors!$F$4:$F$21,1) -> #NAME? | G7: =_xludf.RANK.AVG(RGB_Descriptors!G7,RGB_Descriptors!$G$4:$G$21,1) -> #NAME? | H7: =_xludf.RANK.AVG(RGB_Descriptors!H7,RGB_Descriptors!$H$4:$H$21,1) -> #NAME? | I7: =_xludf.RANK.AVG(RGB_Descriptors!I7,RGB_Descriptors!$I$4:$I$21,1) -> #NAME? | J7: =_xludf.RANK.AVG(UV_Texture!B7,UV_Texture!$B$4:$B$21,1) -> #NAME? | K7: =_xludf.RANK.AVG(UV_Texture!C7,UV_Texture!$C$4:$C$21,1) -> #NAME? | L7: =_xludf.RANK.AVG(UV_Texture!D7,UV_Texture!$D$4:$D$21,1) -> #NAME? | M7: =_xludf.RANK.AVG(UV_Texture!E7,UV_Texture!$E$4:$E$21,1) -> #NAME? | N7: =_xludf.RANK.AVG(UV_Texture!F7,UV_Texture!$F$4:$F$21,1) -> #NAME? | O7: 4
A8: 5 | B8: =_xludf.RANK.AVG(RGB_Descriptors!B8,RGB_Descriptors!$B$4:$B$21,1) -> #NAME? | C8: =_xludf.RANK.AVG(RGB_Descriptors!C8,RGB_Descriptors!$C$4:$C$21,1) -> #NAME? | D8: =_xludf.RANK.AVG(RGB_Descriptors!D8,RGB_Descriptors!$D$4:$D$21,1) -> #NAME? | E8: =_xludf.RANK.AVG(RGB_Descriptors!E8,RGB_Descriptors!$E$4:$E$21,1) -> #NAME? | F8: =_xludf.RANK.AVG(RGB_Descriptors!F8,RGB_Descriptors!$F$4:$F$21,1) -> #NAME? | G8: =_xludf.RANK.AVG(RGB_Descriptors!G8,RGB_Descriptors!$G$4:$G$21,1) -> #NAME? | H8: =_xludf.RANK.AVG(RGB_Descriptors!H8,RGB_Descriptors!$H$4:$H$21,1) -> #NAME? | I8: =_xludf.RANK.AVG(RGB_Descriptors!I8,RGB_Descriptors!$I$4:$I$21,1) -> #NAME? | J8: =_xludf.RANK.AVG(UV_Texture!B8,UV_Texture!$B$4:$B$21,1) -> #NAME? | K8: =_xludf.RANK.AVG(UV_Texture!C8,UV_Texture!$C$4:$C$21,1) -> #NAME? | L8: =_xludf.RANK.AVG(UV_Texture!D8,UV_Texture!$D$4:$D$21,1) -> #NAME? | M8: =_xludf.RANK.AVG(UV_Texture!E8,UV_Texture!$E$4:$E$21,1) -> #NAME? | N8: =_xludf.RANK.AVG(UV_Texture!F8,UV_Texture!$F$4:$F$21,1) -> #NAME? | O8: 5
A9: 6 | B9: =_xludf.RANK.AVG(RGB_Descriptors!B9,RGB_Descriptors!$B$4:$B$21,1) -> #NAME? | C9: =_xludf.RANK.AVG(RGB_Descriptors!C9,RGB_Descriptors!$C$4:$C$21,1) -> #NAME? | D9: =_xludf.RANK.AVG(RGB_Descriptors!D9,RGB_Descriptors!$D$4:$D$21,1) -> #NAME? | E9: =_xludf.RANK.AVG(RGB_Descriptors!E9,RGB_Descriptors!$E$4:$E$21,1) -> #NAME? | F9: =_xludf.RANK.AVG(RGB_Descriptors!F9,RGB_Descriptors!$F$4:$F$21,1) -> #NAME? | G9: =_xludf.RANK.AVG(RGB_Descriptors!G9,RGB_Descriptors!$G$4:$G$21,1) -> #NAME? | H9: =_xludf.RANK.AVG(RGB_Descriptors!H9,RGB_Descriptors!$H$4:$H$21,1) -> #NAME? | I9: =_xludf.RANK.AVG(RGB_Descriptors!I9,RGB_Descriptors!$I$4:$I$21,1) -> #NAME? | J9: =_xludf.RANK.AVG(UV_Texture!B9,UV_Texture!$B$4:$B$21,1) -> #NAME? | K9: =_xludf.RANK.AVG(UV_Texture!C9,UV_Texture!$C$4:$C$21,1) -> #NAME? | L9: =_xludf.RANK.AVG(UV_Texture!D9,UV_Texture!$D$4:$D$21,1) -> #NAME? | M9: =_xludf.RANK.AVG(UV_Texture!E9,UV_Texture!$E$4:$E$21,1) -> #NAME? | N9: =_xludf.RANK.AVG(UV_Texture!F9,UV_Texture!$F$4:$F$21,1) -> #NAME? | O9: 6
A10: 7 | B10: =_xludf.RANK.AVG(RGB_Descriptors!B10,RGB_Descriptors!$B$4:$B$21,1) -> #NAME? | C10: =_xludf.RANK.AVG(RGB_Descriptors!C10,RGB_Descriptors!$C$4:$C$21,1) -> #NAME? | D10: =_xludf.RANK.AVG(RGB_Descriptors!D10,RGB_Descriptors!$D$4:$D$21,1) -> #NAME? | E10: =_xludf.RANK.AVG(RGB_Descriptors!E10,RGB_Descriptors!$E$4:$E$21,1) -> #NAME? | F10: =_xludf.RANK.AVG(RGB_Descriptors!F10,RGB_Descriptors!$F$4:$F$21,1) -> #NAME? | G10: =_xludf.RANK.AVG(RGB_Descriptors!G10,RGB_Descriptors!$G$4:$G$21,1) -> #NAME? | H10: =_xludf.RANK.AVG(RGB_Descriptors!H10,RGB_Descriptors!$H$4:$H$21,1) -> #NAME? | I10: =_xludf.RANK.AVG(RGB_Descriptors!I10,RGB_Descriptors!$I$4:$I$21,1) -> #NAME? | J10: =_xludf.RANK.AVG(UV_Texture!B10,UV_Texture!$B$4:$B$21,1) -> #NAME? | K10: =_xludf.RANK.AVG(UV_Texture!C10,UV_Texture!$C$4:$C$21,1) -> #NAME? | L10: =_xludf.RANK.AVG(UV_Texture!D10,UV_Texture!$D$4:$D$21,1) -> #NAME? | M10: =_xludf.RANK.AVG(UV_Texture!E10,UV_Texture!$E$4:$E$21,1) -> #NAME? | N10: =_xludf.RANK.AVG(UV_Texture!F10,UV_Texture!$F$4:$F$21,1) -> #NAME? | O10: 7
A11: 8 | B11: =_xludf.RANK.AVG(RGB_Descriptors!B11,RGB_Descriptors!$B$4:$B$21,1) -> #NAME? | C11: =_xludf.RANK.AVG(RGB_Descriptors!C11,RGB_Descriptors!$C$4:$C$21,1) -> #NAME? | D11: =_xludf.RANK.AVG(RGB_Descriptors!D11,RGB_Descriptors!$D$4:$D$21,1) -> #NAME? | E11: =_xludf.RANK.AVG(RGB_Descriptors!E11,RGB_Descriptors!$E$4:$E$21,1) -> #NAME? | F11: =_xludf.RANK.AVG(RGB_Descriptors!F11,RGB_Descriptors!$F$4:$F$21,1) -> #NAME? | G11: =_xludf.RANK.AVG(RGB_Descriptors!G11,RGB_Descriptors!$G$4:$G$21,1) -> #NAME? | H11: =_xludf.RANK.AVG(RGB_Descriptors!H11,RGB_Descriptors!$H$4:$H$21,1) -> #NAME? | I11: =_xludf.RANK.AVG(RGB_Descriptors!I11,RGB_Descriptors!$I$4:$I$21,1) -> #NAME? | J11: =_xludf.RANK.AVG(UV_Texture!B11,UV_Texture!$B$4:$B$21,1) -> #NAME? | K11: =_xludf.RANK.AVG(UV_Texture!C11,UV_Texture!$C$4:$C$21,1) -> #NAME? | L11: =_xludf.RANK.AVG(UV_Texture!D11,UV_Texture!$D$4:$D$21,1) -> #NAME? | M11: =_xludf.RANK.AVG(UV_Texture!E11,UV_Texture!$E$4:$E$21,1) -> #NAME? | N11: =_xludf.RANK.AVG(UV_Texture!F11,UV_Texture!$F$4:$F$21,1) -> #NAME? | O11: 8
A12: 9 | B12: =_xludf.RANK.AVG(RGB_Descriptors!B12,RGB_Descriptors!$B$4:$B$21,1) -> #NAME? | C12: =_xludf.RANK.AVG(RGB_Descriptors!C12,RGB_Descriptors!$C$4:$C$21,1) -> #NAME? | D12: =_xludf.RANK.AVG(RGB_Descriptors!D12,RGB_Descriptors!$D$4:$D$21,1) -> #NAME? | E12: =_xludf.RANK.AVG(RGB_Descriptors!E12,RGB_Descriptors!$E$4:$E$21,1) -> #NAME? | F12: =_xludf.RANK.AVG(RGB_Descriptors!F12,RGB_Descriptors!$F$4:$F$21,1) -> #NAME? | G12: =_xludf.RANK.AVG(RGB_Descriptors!G12,RGB_Descriptors!$G$4:$G$21,1) -> #NAME? | H12: =_xludf.RANK.AVG(RGB_Descriptors!H12,RGB_Descriptors!$H$4:$H$21,1) -> #NAME? | I12: =_xludf.RANK.AVG(RGB_Descriptors!I12,RGB_Descriptors!$I$4:$I$21,1) -> #NAME? | J12: =_xludf.RANK.AVG(UV_Texture!B12,UV_Texture!$B$4:$B$21,1) -> #NAME? | K12: =_xludf.RANK.AVG(UV_Texture!C12,UV_Texture!$C$4:$C$21,1) -> #NAME? | L12: =_xludf.RANK.AVG(UV_Texture!D12,UV_Texture!$D$4:$D$21,1) -> #NAME? | M12: =_xludf.RANK.AVG(UV_Texture!E12,UV_Texture!$E$4:$E$21,1) -> #NAME? | N12: =_xludf.RANK.AVG(UV_Texture!F12,UV_Texture!$F$4:$F$21,1) -> #NAME? | O12: 9
A13: 10 | B13: =_xludf.RANK.AVG(RGB_Descriptors!B13,RGB_Descriptors!$B$4:$B$21,1) -> #NAME? | C13: =_xludf.RANK.AVG(RGB_Descriptors!C13,RGB_Descriptors!$C$4:$C$21,1) -> #NAME? | D13: =_xludf.RANK.AVG(RGB_Descriptors!D13,RGB_Descriptors!$D$4:$D$21,1) -> #NAME? | E13: =_xludf.RANK.AVG(RGB_Descriptors!E13,RGB_Descriptors!$E$4:$E$21,1) -> #NAME? | F13: =_xludf.RANK.AVG(RGB_Descriptors!F13,RGB_Descriptors!$F$4:$F$21,1) -> #NAME? | G13: =_xludf.RANK.AVG(RGB_Descriptors!G13,RGB_Descriptors!$G$4:$G$21,1) -> #NAME? | H13: =_xludf.RANK.AVG(RGB_Descriptors!H13,RGB_Descriptors!$H$4:$H$21,1) -> #NAME? | I13: =_xludf.RANK.AVG(RGB_Descriptors!I13,RGB_Descriptors!$I$4:$I$21,1) -> #NAME? | J13: =_xludf.RANK.AVG(UV_Texture!B13,UV_Texture!$B$4:$B$21,1) -> #NAME? | K13: =_xludf.RANK.AVG(UV_Texture!C13,UV_Texture!$C$4:$C$21,1) -> #NAME? | L13: =_xludf.RANK.AVG(UV_Texture!D13,UV_Texture!$D$4:$D$21,1) -> #NAME? | M13: =_xludf.RANK.AVG(UV_Texture!E13,UV_Texture!$E$4:$E$21,1) -> #NAME? | N13: =_xludf.RANK.AVG(UV_Texture!F13,UV_Texture!$F$4:$F$21,1) -> #NAME? | O13: 10
A14: 11 | B14: =_xludf.RANK.AVG(RGB_Descriptors!B14,RGB_Descriptors!$B$4:$B$21,1) -> #NAME? | C14: =_xludf.RANK.AVG(RGB_Descriptors!C14,RGB_Descriptors!$C$4:$C$21,1) -> #NAME? | D14: =_xludf.RANK.AVG(RGB_Descriptors!D14,RGB_Descriptors!$D$4:$D$21,1) -> #NAME? | E14: =_xludf.RANK.AVG(RGB_Descriptors!E14,RGB_Descriptors!$E$4:$E$21,1) -> #NAME? | F14: =_xludf.RANK.AVG(RGB_Descriptors!F14,RGB_Descriptors!$F$4:$F$21,1) -> #NAME? | G14: =_xludf.RANK.AVG(RGB_Descriptors!G14,RGB_Descriptors!$G$4:$G$21,1) -> #NAME? | H14: =_xludf.RANK.AVG(RGB_Descriptors!H14,RGB_Descriptors!$H$4:$H$21,1) -> #NAME? | I14: =_xludf.RANK.AVG(RGB_Descriptors!I14,RGB_Descriptors!$I$4:$I$21,1) -> #NAME? | J14: =_xludf.RANK.AVG(UV_Texture!B14,UV_Texture!$B$4:$B$21,1) -> #NAME? | K14: =_xludf.RANK.AVG(UV_Texture!C14,UV_Texture!$C$4:$C$21,1) -> #NAME? | L14: =_xludf.RANK.AVG(UV_Texture!D14,UV_Texture!$D$4:$D$21,1) -> #NAME? | M14: =_xludf.RANK.AVG(UV_Texture!E14,UV_Texture!$E$4:$E$21,1) -> #NAME? | N14: =_xludf.RANK.AVG(UV_Texture!F14,UV_Texture!$F$4:$F$21,1) -> #NAME? | O14: 11
A15: 12 | B15: =_xludf.RANK.AVG(RGB_Descriptors!B15,RGB_Descriptors!$B$4:$B$21,1) -> #NAME? | C15: =_xludf.RANK.AVG(RGB_Descriptors!C15,RGB_Descriptors!$C$4:$C$21,1) -> #NAME? | D15: =_xludf.RANK.AVG(RGB_Descriptors!D15,RGB_Descriptors!$D$4:$D$21,1) -> #NAME? | E15: =_xludf.RANK.AVG(RGB_Descriptors!E15,RGB_Descriptors!$E$4:$E$21,1) -> #NAME? | F15: =_xludf.RANK.AVG(RGB_Descriptors!F15,RGB_Descriptors!$F$4:$F$21,1) -> #NAME? | G15: =_xludf.RANK.AVG(RGB_Descriptors!G15,RGB_Descriptors!$G$4:$G$21,1) -> #NAME? | H15: =_xludf.RANK.AVG(RGB_Descriptors!H15,RGB_Descriptors!$H$4:$H$21,1) -> #NAME? | I15: =_xludf.RANK.AVG(RGB_Descriptors!I15,RGB_Descriptors!$I$4:$I$21,1) -> #NAME? | J15: =_xludf.RANK.AVG(UV_Texture!B15,UV_Texture!$B$4:$B$21,1) -> #NAME? | K15: =_xludf.RANK.AVG(UV_Texture!C15,UV_Texture!$C$4:$C$21,1) -> #NAME? | L15: =_xludf.RANK.AVG(UV_Texture!D15,UV_Texture!$D$4:$D$21,1) -> #NAME? | M15: =_xludf.RANK.AVG(UV_Texture!E15,UV_Texture!$E$4:$E$21,1) -> #NAME? | N15: =_xludf.RANK.AVG(UV_Texture!F15,UV_Texture!$F$4:$F$21,1) -> #NAME? | O15: 12
... A21: 18 | B21: =_xludf.RANK.AVG(RGB_Descriptors!B21,RGB_Descriptors!$B$4:$B$21,1) -> #NAME? | C21: =_xludf.RANK.AVG(RGB_Descriptors!C21,RGB_Descriptors!$C$4:$C$21,1) -> #NAME? | D21: =_xludf.RANK.AVG(RGB_Descriptors!D21,RGB_Descriptors!$D$4:$D$21,1) -> #NAME? | E21: =_xludf.RANK.AVG(RGB_Descriptors!E21,RGB_Descriptors!$E$4:$E$21,1) -> #NAME? | F21: =_xludf.RANK.AVG(RGB_Descriptors!F21,RGB_Descriptors!$F$4:$F$21,1) -> #NAME? | G21: =_xludf.RANK.AVG(RGB_Descriptors!G21,RGB_Descriptors!$G$4:$G$21,1) -> #NAME? | H21: =_xludf.RANK.AVG(RGB_Descriptors!H21,RGB_Descriptors!$H$4:$H$21,1) -> #NAME? | I21: =_xludf.RANK.AVG(RGB_Descriptors!I21,RGB_Descriptors!$I$4:$I$21,1) -> #NAME? | J21: =_xludf.RANK.AVG(UV_Texture!B21,UV_Texture!$B$4:$B$21,1) -> #NAME? | K21: =_xludf.RANK.AVG(UV_Texture!C21,UV_Texture!$C$4:$C$21,1) -> #NAME? | L21: =_xludf.RANK.AVG(UV_Texture!D21,UV_Texture!$D$4:$D$21,1) -> #NAME? | M21: =_xludf.RANK.AVG(UV_Texture!E21,UV_Texture!$E$4:$E$21,1) -> #NAME? | N21: =_xludf.RANK.AVG(UV_Texture!F21,UV_Texture!$F$4:$F$21,1) -> #NAME? | O21: 18

Sheet Summary_RGB
A1: Manuscript-aligned RGB summary
A3: Feature | B3: Day 1 | C3: Day 18 | D3: Relative change (%) | E3: Spearman rho | F3: Reported rho | G3: Difference
A4: MeanR | B4: =RGB_Descriptors!B4 -> 197.84 | C4: =RGB_Descriptors!B21 -> 121.43 | D4: =(C4-B4)/B4*100 -> -38.622119 | E4: =CORREL(Spearman_Ranks!B4:B21,Spearman_Ranks!$A$4:$A$21) -> #NAME? | F4: -0.866 | G4: =E4-F4 -> #NAME?
A5: MeanG | B5: =RGB_Descriptors!C4 -> 97.68 | C5: =RGB_Descriptors!C21 -> 79.92 | D5: =(C5-B5)/B5*100 -> -18.181818 | E5: =CORREL(Spearman_Ranks!C4:C21,Spearman_Ranks!$A$4:$A$21) -> #NAME? | F5: -0.651 | G5: =E5-F5 -> #NAME?
A6: MeanB | B6: =RGB_Descriptors!D4 -> 31.59 | C6: =RGB_Descriptors!D21 -> 59.24 | D6: =(C6-B6)/B6*100 -> 87.527699 | E6: =CORREL(Spearman_Ranks!D4:D21,Spearman_Ranks!$A$4:$A$21) -> #NAME? | F6: 0.899 | G6: =E6-F6 -> #NAME?
A7: Colorfulness | B7: =RGB_Descriptors!E4 -> 93.16 | C7: =RGB_Descriptors!E21 -> 51.8 | D7: =(C7-B7)/B7*100 -> -44.396737 | E7: =CORREL(Spearman_Ranks!E4:E21,Spearman_Ranks!$A$4:$A$21) -> #NAME? | F7: -0.932 | G7: =E7-F7 -> #NAME?
A8: SegmentedArea_px | B8: =RGB_Descriptors!F4 -> 155385 | C8: =RGB_Descriptors!F21 -> 97161 | D8: =(C8-B8)/B8*100 -> -37.470798 | E8: =CORREL(Spearman_Ranks!F4:F21,Spearman_Ranks!$A$4:$A$21) -> #NAME? | F8: -0.593 | G8: =E8-F8 -> #NAME?
A9: RGB_Entropy | B9: =RGB_Descriptors!G4 -> 5.32 | C9: =RGB_Descriptors!G21 -> 3.67 | D9: =(C9-B9)/B9*100 -> -31.015038 | E9: =CORREL(Spearman_Ranks!G4:G21,Spearman_Ranks!$A$4:$A$21) -> #NAME? | F9: -0.582 | G9: =E9-F9 -> #NAME?
A10: Smoothness | B10: =RGB_Descriptors!H4 -> 0.9994 | C10: =RGB_Descriptors!H21 -> 0.9996 | D10: =(C10-B10)/B10*100 -> 0.020012007 | E10: =CORREL(Spearman_Ranks!H4:H21,Spearman_Ranks!$A$4:$A$21) -> #NAME? | F10: 0.327 | G10: =E10-F10 -> #NAME?
A11: RGB_Contrast | B11: =RGB_Descriptors!I4 -> 41.05 | C11: =RGB_Descriptors!I21 -> 49.75 | D11: =(C11-B11)/B11*100 -> 21.193666 | E11: =CORREL(Spearman_Ranks!I4:I21,Spearman_Ranks!$A$4:$A$21) -> #NAME? | F11: 0.492 | G11: =E11-F11 -> #NAME?

Sheet Summary_UV
A1: Manuscript-aligned UV-excited summary
A3: Feature | B3: Day 1 | C3: Day 18 | D3: Relative change (%) | E3: Spearman rho | F3: Reported rho | G3: Difference
A4: GLCM_Contrast | B4: =UV_Texture!B4 -> 0.033382819 | C4: =UV_Texture!B21 -> 0.035044664 | D4: =(C4-B4)/B4*100 -> 4.9781446 | E4: =CORREL(Spearman_Ranks!J4:J21,Spearman_Ranks!$A$4:$A$21) -> #NAME? | F4: 0.639 | G4: =E4-F4 -> #NAME?
A5: GLCM_Correlation | B5: =UV_Texture!C4 -> 0.96699525 | C5: =UV_Texture!C21 -> 0.90641756 | D5: =(C5-B5)/B5*100 -> -6.2645283 | E5: =CORREL(Spearman_Ranks!K4:K21,Spearman_Ranks!$A$4:$A$21) -> #NAME? | F5: -0.476 | G5: =E5-F5 -> #NAME?
A6: GLCM_Energy | B6: =UV_Texture!D4 -> 0.55584125 | C6: =UV_Texture!D21 -> 0.7702836 | D6: =(C6-B6)/B6*100 -> 38.579784 | E6: =CORREL(Spearman_Ranks!L4:L21,Spearman_Ranks!$A$4:$A$21) -> #NAME? | F6: -0.214 | G6: =E6-F6 -> #NAME?
A7: GLCM_Homogeneity | B7: =UV_Texture!E4 -> 0.98402873 | C7: =UV_Texture!E21 -> 0.98263656 | D7: =(C7-B7)/B7*100 -> -0.14147605 | E7: =CORREL(Spearman_Ranks!M4:M21,Spearman_Ranks!$A$4:$A$21) -> #NAME? | F7: -0.639 | G7: =E7-F7 -> #NAME?
A8: GrayscaleEntropy | B8: =UV_Texture!F4 -> 3.3562846 | C8: =UV_Texture!F21 -> 2.7978601 | D8: =(C8-B8)/B8*100 -> -16.638173 | E8: =CORREL(Spearman_Ranks!N4:N21,Spearman_Ranks!$A$4:$A$21) -> #NAME? | F8: 0.185 | G8: =E8-F8 -> #NAME?

Sheet CrossModal_Spearman
A1: Descriptive cross-modal Spearman association matrix
A3: RGB descriptor | B3: UV Contrast | C3: UV Correlation | D3: UV Energy | E3: UV Homogeneity | F3: UV Grayscale Entropy
A4: MeanR | B4: =CORREL(Spearman_Ranks!$B$4:$B$21,Spearman_Ranks!$J$4:$J$21) -> #NAME? | C4: =CORREL(Spearman_Ranks!$B$4:$B$21,Spearman_Ranks!$K$4:$K$21) -> #NAME? | D4: =CORREL(Spearman_Ranks!$B$4:$B$21,Spearman_Ranks!$L$4:$L$21) -> #NAME? | E4: =CORREL(Spearman_Ranks!$B$4:$B$21,Spearman_Ranks!$M$4:$M$21) -> #NAME? | F4: =CORREL(Spearman_Ranks!$B$4:$B$21,Spearman_Ranks!$N$4:$N$21) -> #NAME?
A5: MeanG | B5: =CORREL(Spearman_Ranks!$C$4:$C$21,Spearman_Ranks!$J$4:$J$21) -> #NAME? | C5: =CORREL(Spearman_Ranks!$C$4:$C$21,Spearman_Ranks!$K$4:$K$21) -> #NAME? | D5: =CORREL(Spearman_Ranks!$C$4:$C$21,Spearman_Ranks!$L$4:$L$21) -> #NAME? | E5: =CORREL(Spearman_Ranks!$C$4:$C$21,Spearman_Ranks!$M$4:$M$21) -> #NAME? | F5: =CORREL(Spearman_Ranks!$C$4:$C$21,Spearman_Ranks!$N$4:$N$21) -> #NAME?
A6: MeanB | B6: =CORREL(Spearman_Ranks!$D$4:$D$21,Spearman_Ranks!$J$4:$J$21) -> #NAME? | C6: =CORREL(Spearman_Ranks!$D$4:$D$21,Spearman_Ranks!$K$4:$K$21) -> #NAME? | D6: =CORREL(Spearman_Ranks!$D$4:$D$21,Spearman_Ranks!$L$4:$L$21) -> #NAME? | E6: =CORREL(Spearman_Ranks!$D$4:$D$21,Spearman_Ranks!$M$4:$M$21) -> #NAME? | F6: =CORREL(Spearman_Ranks!$D$4:$D$21,Spearman_Ranks!$N$4:$N$21) -> #NAME?
A7: Colorfulness | B7: =CORREL(Spearman_Ranks!$E$4:$E$21,Spearman_Ranks!$J$4:$J$21) -> #NAME? | C7: =CORREL(Spearman_Ranks!$E$4:$E$21,Spearman_Ranks!$K$4:$K$21) -> #NAME? | D7: =CORREL(Spearman_Ranks!$E$4:$E$21,Spearman_Ranks!$L$4:$L$21) -> #NAME? | E7: =CORREL(Spearman_Ranks!$E$4:$E$21,Spearman_Ranks!$M$4:$M$21) -> #NAME? | F7: =CORREL(Spearman_Ranks!$E$4:$E$21,Spearman_Ranks!$N$4:$N$21) -> #NAME?
A8: Segmented area | B8: =CORREL(Spearman_Ranks!$F$4:$F$21,Spearman_Ranks!$J$4:$J$21) -> #NAME? | C8: =CORREL(Spearman_Ranks!$F$4:$F$21,Spearman_Ranks!$K$4:$K$21) -> #NAME? | D8: =CORREL(Spearman_Ranks!$F$4:$F$21,Spearman_Ranks!$L$4:$L$21) -> #NAME? | E8: =CORREL(Spearman_Ranks!$F$4:$F$21,Spearman_Ranks!$M$4:$M$21) -> #NAME? | F8: =CORREL(Spearman_Ranks!$F$4:$F$21,Spearman_Ranks!$N$4:$N$21) -> #NAME?
A9: RGB entropy | B9: =CORREL(Spearman_Ranks!$G$4:$G$21,Spearman_Ranks!$J$4:$J$21) -> #NAME? | C9: =CORREL(Spearman_Ranks!$G$4:$G$21,Spearman_Ranks!$K$4:$K$21) -> #NAME? | D9: =CORREL(Spearman_Ranks!$G$4:$G$21,Spearman_Ranks!$L$4:$L$21) -> #NAME? | E9: =CORREL(Spearman_Ranks!$G$4:$G$21,Spearman_Ranks!$M$4:$M$21) -> #NAME? | F9: =CORREL(Spearman_Ranks!$G$4:$G$21,Spearman_Ranks!$N$4:$N$21) -> #NAME?
A10: RGB contrast | B10: =CORREL(Spearman_Ranks!$I$4:$I$21,Spearman_Ranks!$J$4:$J$21) -> #NAME? | C10: =CORREL(Spearman_Ranks!$I$4:$I$21,Spearman_Ranks!$K$4:$K$21) -> #NAME? | D10: =CORREL(Spearman_Ranks!$I$4:$I$21,Spearman_Ranks!$L$4:$L$21) -> #NAME? | E10: =CORREL(Spearman_Ranks!$I$4:$I$21,Spearman_Ranks!$M$4:$M$21) -> #NAME? | F10: =CORREL(Spearman_Ranks!$I$4:$I$21,Spearman_Ranks!$N$4:$N$21) -> #NAME?

Sheet Quality_Checks
A1: Dataset integrity checks against manuscript-reported values
A3: Check | B3: Calculated / linked | C3: Expected | D3: Tolerance | E3: Status
A4: RGB MeanR day 1 | B4: =RGB_Descriptors!B4 -> 197.84 | C4: 197.84 | D4: 0.001 | E4: =IF(ABS(B4-C4)<=D4,"PASS","CHECK") -> PASS
A5: RGB MeanR day 18 | B5: =RGB_Descriptors!B21 -> 121.43 | C5: 121.43 | D5: 0.001 | E5: =IF(ABS(B5-C5)<=D5,"PASS","CHECK") -> PASS
A6: RGB Colorfulness day 18 | B6: =RGB_Descriptors!E21 -> 51.8 | C6: 51.8 | D6: 0.001 | E6: =IF(ABS(B6-C6)<=D6,"PASS","CHECK") -> PASS
A7: UV Contrast day 12 | B7: =UV_Texture!B15 -> 0.12312661 | C7: 0.12312661 | D7: 1e-09 | E7: =IF(ABS(B7-C7)<=D7,"PASS","CHECK") -> PASS
A8: UV Energy day 12 | B8: =UV_Texture!D15 -> 0.41341229 | C8: 0.41341229 | D8: 1e-09 | E8: =IF(ABS(B8-C8)<=D8,"PASS","CHECK") -> PASS
A9: UV grayscale entropy day 12 | B9: =UV_Texture!F15 -> 3.8388792 | C9: 3.8388792 | D9: 1e-08 | E9: =IF(ABS(B9-C9)<=D9,"PASS","CHECK") -> PASS
A10: Temperature mean | B10: =AVERAGE(Environment_Context!B4:B21) -> 33.863889 | C10: 33.863889 | D10: 0.0001 | E10: =IF(ABS(B10-C10)<=D10,"PASS","CHECK") -> PASS
A11: Humidity mean | B11: =AVERAGE(Environment_Context!C4:C21) -> 97.272222 | C11: 97.272222 | D11: 0.0001 | E11: =IF(ABS(B11-C11)<=D11,"PASS","CHECK") -> PASS
A12: Temperature minimum | B12: =MIN(Environment_Context!B4:B21) -> 31.7 | C12: 31.7 | D12: 0.001 | E12: =IF(ABS(B12-C12)<=D12,"PASS","CHECK") -> PASS
A13: Temperature maximum | B13: =MAX(Environment_Context!B4:B21) -> 37.4 | C13: 37.4 | D13: 0.001 | E13: =IF(ABS(B13-C13)<=D13,"PASS","CHECK") -> PASS

Sheet Dashboard
A1: Data Availability Overview
A3: Item | B3: Value | C3: Interpretation | D3: Status
A4: Biological specimens | B4: 1 | C4: Single-specimen longitudinal design | D4: Documented
A5: Storage-day observations | B5: 18 | C5: Repeated measurements | D5: Complete
A6: RGB descriptors | B6: 8 | C6: Primary visible-image variables | D6: Complete
A7: UV descriptors | B7: 5 | C7: 4 GLCM + grayscale entropy | D7: Complete
A8: Environmental variables | B8: 4 | C8: Contextual metadata only | D8: Complete
